name,main_company_url,inquiry_url
Form Kontak - Duplikasi 1,https://opsguide-dummy-test.vercel.app/dummy-form/1/1/,https://opsguide-dummy-test.vercel.app/dummy-form/1/1/
Form Kontak - Duplikasi 2,https://opsguide-dummy-test.vercel.app/dummy-form/1/2/,https://opsguide-dummy-test.vercel.app/dummy-form/1/2/
Form Kontak - Duplikasi 3,https://opsguide-dummy-test.vercel.app/dummy-form/1/3/,https://opsguide-dummy-test.vercel.app/dummy-form/1/3/
Form Kontak - Duplikasi 4,https://opsguide-dummy-test.vercel.app/dummy-form/1/4/,https://opsguide-dummy-test.vercel.app/dummy-form/1/4/
Form Kontak - Duplikasi 5,https://opsguide-dummy-test.vercel.app/dummy-form/1/5/,https://opsguide-dummy-test.vercel.app/dummy-form/1/5/
Form Kontak - Duplikasi 6,https://opsguide-dummy-test.vercel.app/dummy-form/1/6/,https://opsguide-dummy-test.vercel.app/dummy-form/1/6/
Form Kontak - Duplikasi 7,https://opsguide-dummy-test.vercel.app/dummy-form/1/7/,https://opsguide-dummy-test.vercel.app/dummy-form/1/7/
Form Kontak - Duplikasi 8,https://opsguide-dummy-test.vercel.app/dummy-form/1/8/,https://opsguide-dummy-test.vercel.app/dummy-form/1/8/
Form Kontak - Duplikasi 9,https://opsguide-dummy-test.vercel.app/dummy-form/1/9/,https://opsguide-dummy-test.vercel.app/dummy-form/1/9/
Form Kontak - Duplikasi 10,https://opsguide-dummy-test.vercel.app/dummy-form/1/10/,https://opsguide-dummy-test.vercel.app/dummy-form/1/10/
Registrasi Acara - Duplikasi 1,https://opsguide-dummy-test.vercel.app/dummy-form/2/1/,https://opsguide-dummy-test.vercel.app/dummy-form/2/1/
Registrasi Acara - Duplikasi 2,https://opsguide-dummy-test.vercel.app/dummy-form/2/2/,https://opsguide-dummy-test.vercel.app/dummy-form/2/2/
Registrasi Acara - Duplikasi 3,https://opsguide-dummy-test.vercel.app/dummy-form/2/3/,https://opsguide-dummy-test.vercel.app/dummy-form/2/3/
Registrasi Acara - Duplikasi 4,https://opsguide-dummy-test.vercel.app/dummy-form/2/4/,https://opsguide-dummy-test.vercel.app/dummy-form/2/4/
Registrasi Acara - Duplikasi 5,https://opsguide-dummy-test.vercel.app/dummy-form/2/5/,https://opsguide-dummy-test.vercel.app/dummy-form/2/5/
Registrasi Acara - Duplikasi 6,https://opsguide-dummy-test.vercel.app/dummy-form/2/6/,https://opsguide-dummy-test.vercel.app/dummy-form/2/6/
Registrasi Acara - Duplikasi 7,https://opsguide-dummy-test.vercel.app/dummy-form/2/7/,https://opsguide-dummy-test.vercel.app/dummy-form/2/7/
Registrasi Acara - Duplikasi 8,https://opsguide-dummy-test.vercel.app/dummy-form/2/8/,https://opsguide-dummy-test.vercel.app/dummy-form/2/8/
Registrasi Acara - Duplikasi 9,https://opsguide-dummy-test.vercel.app/dummy-form/2/9/,https://opsguide-dummy-test.vercel.app/dummy-form/2/9/
Registrasi Acara - Duplikasi 10,https://opsguide-dummy-test.vercel.app/dummy-form/2/10/,https://opsguide-dummy-test.vercel.app/dummy-form/2/10/
Lamaran Kerja - Duplikasi 1,https://opsguide-dummy-test.vercel.app/dummy-form/3/1/,https://opsguide-dummy-test.vercel.app/dummy-form/3/1/
Lamaran Kerja - Duplikasi 2,https://opsguide-dummy-test.vercel.app/dummy-form/3/2/,https://opsguide-dummy-test.vercel.app/dummy-form/3/2/
Lamaran Kerja - Duplikasi 3,https://opsguide-dummy-test.vercel.app/dummy-form/3/3/,https://opsguide-dummy-test.vercel.app/dummy-form/3/3/
Lamaran Kerja - Duplikasi 4,https://opsguide-dummy-test.vercel.app/dummy-form/3/4/,https://opsguide-dummy-test.vercel.app/dummy-form/3/4/
Lamaran Kerja - Duplikasi 5,https://opsguide-dummy-test.vercel.app/dummy-form/3/5/,https://opsguide-dummy-test.vercel.app/dummy-form/3/5/
Lamaran Kerja - Duplikasi 6,https://opsguide-dummy-test.vercel.app/dummy-form/3/6/,https://opsguide-dummy-test.vercel.app/dummy-form/3/6/
Lamaran Kerja - Duplikasi 7,https://opsguide-dummy-test.vercel.app/dummy-form/3/7/,https://opsguide-dummy-test.vercel.app/dummy-form/3/7/
Lamaran Kerja - Duplikasi 8,https://opsguide-dummy-test.vercel.app/dummy-form/3/8/,https://opsguide-dummy-test.vercel.app/dummy-form/3/8/
Lamaran Kerja - Duplikasi 9,https://opsguide-dummy-test.vercel.app/dummy-form/3/9/,https://opsguide-dummy-test.vercel.app/dummy-form/3/9/
Lamaran Kerja - Duplikasi 10,https://opsguide-dummy-test.vercel.app/dummy-form/3/10/,https://opsguide-dummy-test.vercel.app/dummy-form/3/10/
Tiket Bantuan - Duplikasi 1,https://opsguide-dummy-test.vercel.app/dummy-form/4/1/,https://opsguide-dummy-test.vercel.app/dummy-form/4/1/
Tiket Bantuan - Duplikasi 2,https://opsguide-dummy-test.vercel.app/dummy-form/4/2/,https://opsguide-dummy-test.vercel.app/dummy-form/4/2/
Tiket Bantuan - Duplikasi 3,https://opsguide-dummy-test.vercel.app/dummy-form/4/3/,https://opsguide-dummy-test.vercel.app/dummy-form/4/3/
Tiket Bantuan - Duplikasi 4,https://opsguide-dummy-test.vercel.app/dummy-form/4/4/,https://opsguide-dummy-test.vercel.app/dummy-form/4/4/
Tiket Bantuan - Duplikasi 5,https://opsguide-dummy-test.vercel.app/dummy-form/4/5/,https://opsguide-dummy-test.vercel.app/dummy-form/4/5/
Tiket Bantuan - Duplikasi 6,https://opsguide-dummy-test.vercel.app/dummy-form/4/6/,https://opsguide-dummy-test.vercel.app/dummy-form/4/6/
Tiket Bantuan - Duplikasi 7,https://opsguide-dummy-test.vercel.app/dummy-form/4/7/,https://opsguide-dummy-test.vercel.app/dummy-form/4/7/
Tiket Bantuan - Duplikasi 8,https://opsguide-dummy-test.vercel.app/dummy-form/4/8/,https://opsguide-dummy-test.vercel.app/dummy-form/4/8/
Tiket Bantuan - Duplikasi 9,https://opsguide-dummy-test.vercel.app/dummy-form/4/9/,https://opsguide-dummy-test.vercel.app/dummy-form/4/9/
Tiket Bantuan - Duplikasi 10,https://opsguide-dummy-test.vercel.app/dummy-form/4/10/,https://opsguide-dummy-test.vercel.app/dummy-form/4/10/
Survei Kepuasan - Duplikasi 1,https://opsguide-dummy-test.vercel.app/dummy-form/5/1/,https://opsguide-dummy-test.vercel.app/dummy-form/5/1/
Survei Kepuasan - Duplikasi 2,https://opsguide-dummy-test.vercel.app/dummy-form/5/2/,https://opsguide-dummy-test.vercel.app/dummy-form/5/2/
Survei Kepuasan - Duplikasi 3,https://opsguide-dummy-test.vercel.app/dummy-form/5/3/,https://opsguide-dummy-test.vercel.app/dummy-form/5/3/
Survei Kepuasan - Duplikasi 4,https://opsguide-dummy-test.vercel.app/dummy-form/5/4/,https://opsguide-dummy-test.vercel.app/dummy-form/5/4/
Survei Kepuasan - Duplikasi 5,https://opsguide-dummy-test.vercel.app/dummy-form/5/5/,https://opsguide-dummy-test.vercel.app/dummy-form/5/5/
Survei Kepuasan - Duplikasi 6,https://opsguide-dummy-test.vercel.app/dummy-form/5/6/,https://opsguide-dummy-test.vercel.app/dummy-form/5/6/
Survei Kepuasan - Duplikasi 7,https://opsguide-dummy-test.vercel.app/dummy-form/5/7/,https://opsguide-dummy-test.vercel.app/dummy-form/5/7/
Survei Kepuasan - Duplikasi 8,https://opsguide-dummy-test.vercel.app/dummy-form/5/8/,https://opsguide-dummy-test.vercel.app/dummy-form/5/8/
Survei Kepuasan - Duplikasi 9,https://opsguide-dummy-test.vercel.app/dummy-form/5/9/,https://opsguide-dummy-test.vercel.app/dummy-form/5/9/
Survei Kepuasan - Duplikasi 10,https://opsguide-dummy-test.vercel.app/dummy-form/5/10/,https://opsguide-dummy-test.vercel.app/dummy-form/5/10/
Reservasi Meja - Duplikasi 1,https://opsguide-dummy-test.vercel.app/dummy-form/6/1/,https://opsguide-dummy-test.vercel.app/dummy-form/6/1/
Reservasi Meja - Duplikasi 2,https://opsguide-dummy-test.vercel.app/dummy-form/6/2/,https://opsguide-dummy-test.vercel.app/dummy-form/6/2/
Reservasi Meja - Duplikasi 3,https://opsguide-dummy-test.vercel.app/dummy-form/6/3/,https://opsguide-dummy-test.vercel.app/dummy-form/6/3/
Reservasi Meja - Duplikasi 4,https://opsguide-dummy-test.vercel.app/dummy-form/6/4/,https://opsguide-dummy-test.vercel.app/dummy-form/6/4/
Reservasi Meja - Duplikasi 5,https://opsguide-dummy-test.vercel.app/dummy-form/6/5/,https://opsguide-dummy-test.vercel.app/dummy-form/6/5/
Reservasi Meja - Duplikasi 6,https://opsguide-dummy-test.vercel.app/dummy-form/6/6/,https://opsguide-dummy-test.vercel.app/dummy-form/6/6/
Reservasi Meja - Duplikasi 7,https://opsguide-dummy-test.vercel.app/dummy-form/6/7/,https://opsguide-dummy-test.vercel.app/dummy-form/6/7/
Reservasi Meja - Duplikasi 8,https://opsguide-dummy-test.vercel.app/dummy-form/6/8/,https://opsguide-dummy-test.vercel.app/dummy-form/6/8/
Reservasi Meja - Duplikasi 9,https://opsguide-dummy-test.vercel.app/dummy-form/6/9/,https://opsguide-dummy-test.vercel.app/dummy-form/6/9/
Reservasi Meja - Duplikasi 10,https://opsguide-dummy-test.vercel.app/dummy-form/6/10/,https://opsguide-dummy-test.vercel.app/dummy-form/6/10/
Pemesanan Produk - Duplikasi 1,https://opsguide-dummy-test.vercel.app/dummy-form/7/1/,https://opsguide-dummy-test.vercel.app/dummy-form/7/1/
Pemesanan Produk - Duplikasi 2,https://opsguide-dummy-test.vercel.app/dummy-form/7/2/,https://opsguide-dummy-test.vercel.app/dummy-form/7/2/
Pemesanan Produk - Duplikasi 3,https://opsguide-dummy-test.vercel.app/dummy-form/7/3/,https://opsguide-dummy-test.vercel.app/dummy-form/7/3/
Pemesanan Produk - Duplikasi 4,https://opsguide-dummy-test.vercel.app/dummy-form/7/4/,https://opsguide-dummy-test.vercel.app/dummy-form/7/4/
Pemesanan Produk - Duplikasi 5,https://opsguide-dummy-test.vercel.app/dummy-form/7/5/,https://opsguide-dummy-test.vercel.app/dummy-form/7/5/
Pemesanan Produk - Duplikasi 6,https://opsguide-dummy-test.vercel.app/dummy-form/7/6/,https://opsguide-dummy-test.vercel.app/dummy-form/7/6/
Pemesanan Produk - Duplikasi 7,https://opsguide-dummy-test.vercel.app/dummy-form/7/7/,https://opsguide-dummy-test.vercel.app/dummy-form/7/7/
Pemesanan Produk - Duplikasi 8,https://opsguide-dummy-test.vercel.app/dummy-form/7/8/,https://opsguide-dummy-test.vercel.app/dummy-form/7/8/
Pemesanan Produk - Duplikasi 9,https://opsguide-dummy-test.vercel.app/dummy-form/7/9/,https://opsguide-dummy-test.vercel.app/dummy-form/7/9/
Pemesanan Produk - Duplikasi 10,https://opsguide-dummy-test.vercel.app/dummy-form/7/10/,https://opsguide-dummy-test.vercel.app/dummy-form/7/10/
Langganan Newsletter - Duplikasi 1,https://opsguide-dummy-test.vercel.app/dummy-form/8/1/,https://opsguide-dummy-test.vercel.app/dummy-form/8/1/
Langganan Newsletter - Duplikasi 2,https://opsguide-dummy-test.vercel.app/dummy-form/8/2/,https://opsguide-dummy-test.vercel.app/dummy-form/8/2/
Langganan Newsletter - Duplikasi 3,https://opsguide-dummy-test.vercel.app/dummy-form/8/3/,https://opsguide-dummy-test.vercel.app/dummy-form/8/3/
Langganan Newsletter - Duplikasi 4,https://opsguide-dummy-test.vercel.app/dummy-form/8/4/,https://opsguide-dummy-test.vercel.app/dummy-form/8/4/
Langganan Newsletter - Duplikasi 5,https://opsguide-dummy-test.vercel.app/dummy-form/8/5/,https://opsguide-dummy-test.vercel.app/dummy-form/8/5/
Langganan Newsletter - Duplikasi 6,https://opsguide-dummy-test.vercel.app/dummy-form/8/6/,https://opsguide-dummy-test.vercel.app/dummy-form/8/6/
Langganan Newsletter - Duplikasi 7,https://opsguide-dummy-test.vercel.app/dummy-form/8/7/,https://opsguide-dummy-test.vercel.app/dummy-form/8/7/
Langganan Newsletter - Duplikasi 8,https://opsguide-dummy-test.vercel.app/dummy-form/8/8/,https://opsguide-dummy-test.vercel.app/dummy-form/8/8/
Langganan Newsletter - Duplikasi 9,https://opsguide-dummy-test.vercel.app/dummy-form/8/9/,https://opsguide-dummy-test.vercel.app/dummy-form/8/9/
Langganan Newsletter - Duplikasi 10,https://opsguide-dummy-test.vercel.app/dummy-form/8/10/,https://opsguide-dummy-test.vercel.app/dummy-form/8/10/
Laporan Insiden - Duplikasi 1,https://opsguide-dummy-test.vercel.app/dummy-form/9/1/,https://opsguide-dummy-test.vercel.app/dummy-form/9/1/
Laporan Insiden - Duplikasi 2,https://opsguide-dummy-test.vercel.app/dummy-form/9/2/,https://opsguide-dummy-test.vercel.app/dummy-form/9/2/
Laporan Insiden - Duplikasi 3,https://opsguide-dummy-test.vercel.app/dummy-form/9/3/,https://opsguide-dummy-test.vercel.app/dummy-form/9/3/
Laporan Insiden - Duplikasi 4,https://opsguide-dummy-test.vercel.app/dummy-form/9/4/,https://opsguide-dummy-test.vercel.app/dummy-form/9/4/
Laporan Insiden - Duplikasi 5,https://opsguide-dummy-test.vercel.app/dummy-form/9/5/,https://opsguide-dummy-test.vercel.app/dummy-form/9/5/
Laporan Insiden - Duplikasi 6,https://opsguide-dummy-test.vercel.app/dummy-form/9/6/,https://opsguide-dummy-test.vercel.app/dummy-form/9/6/
Laporan Insiden - Duplikasi 7,https://opsguide-dummy-test.vercel.app/dummy-form/9/7/,https://opsguide-dummy-test.vercel.app/dummy-form/9/7/
Laporan Insiden - Duplikasi 8,https://opsguide-dummy-test.vercel.app/dummy-form/9/8/,https://opsguide-dummy-test.vercel.app/dummy-form/9/8/
Laporan Insiden - Duplikasi 9,https://opsguide-dummy-test.vercel.app/dummy-form/9/9/,https://opsguide-dummy-test.vercel.app/dummy-form/9/9/
Laporan Insiden - Duplikasi 10,https://opsguide-dummy-test.vercel.app/dummy-form/9/10/,https://opsguide-dummy-test.vercel.app/dummy-form/9/10/
Pendaftaran Relawan - Duplikasi 1,https://opsguide-dummy-test.vercel.app/dummy-form/10/1/,https://opsguide-dummy-test.vercel.app/dummy-form/10/1/
Pendaftaran Relawan - Duplikasi 2,https://opsguide-dummy-test.vercel.app/dummy-form/10/2/,https://opsguide-dummy-test.vercel.app/dummy-form/10/2/
Pendaftaran Relawan - Duplikasi 3,https://opsguide-dummy-test.vercel.app/dummy-form/10/3/,https://opsguide-dummy-test.vercel.app/dummy-form/10/3/
Pendaftaran Relawan - Duplikasi 4,https://opsguide-dummy-test.vercel.app/dummy-form/10/4/,https://opsguide-dummy-test.vercel.app/dummy-form/10/4/
Pendaftaran Relawan - Duplikasi 5,https://opsguide-dummy-test.vercel.app/dummy-form/10/5/,https://opsguide-dummy-test.vercel.app/dummy-form/10/5/
Pendaftaran Relawan - Duplikasi 6,https://opsguide-dummy-test.vercel.app/dummy-form/10/6/,https://opsguide-dummy-test.vercel.app/dummy-form/10/6/
Pendaftaran Relawan - Duplikasi 7,https://opsguide-dummy-test.vercel.app/dummy-form/10/7/,https://opsguide-dummy-test.vercel.app/dummy-form/10/7/
Pendaftaran Relawan - Duplikasi 8,https://opsguide-dummy-test.vercel.app/dummy-form/10/8/,https://opsguide-dummy-test.vercel.app/dummy-form/10/8/
Pendaftaran Relawan - Duplikasi 9,https://opsguide-dummy-test.vercel.app/dummy-form/10/9/,https://opsguide-dummy-test.vercel.app/dummy-form/10/9/
Pendaftaran Relawan - Duplikasi 10,https://opsguide-dummy-test.vercel.app/dummy-form/10/10/,https://opsguide-dummy-test.vercel.app/dummy-form/10/10/
